"Designator","Footprint","Mid X","Mid Y","Ref X","Ref Y","Pad X","Pad Y","Layer","Rotation","Comment"
""
"CON1","S4B-PH-K-S","115mil","368.11mil","115mil","250mil","115mil","250mil","T","90.00","ATM"
"U1","24AA01","419.488mil","365mil","325mil","440mil","325mil","440mil","T","360.00","24AA01"
"TP2","TP","325mil","155mil","325mil","155mil","325mil","155mil","T","360.00","TP"
"TP1","TP","115mil","660mil","115mil","660mil","115mil","660mil","T","270.00","TP"
"D1","MSS2P2-M3","669.469mil","342.529mil","670mil","380mil","669.469mil","305.128mil","T","270.00","MSS2P2-M3"
"C1","C0402","420mil","545mil","420mil","545mil","400.315mil","545mil","T","360.00","10uF"
"C_T","C0201","414.84mil","495mil","405mil","495mil","405mil","495mil","T","360.00","DNP"

